{
   "0" : [ 0.034230362623929977, -4.4998698234558105 ],
   "1" : [ 3.8798863887786865, 2.2795794010162354 ],
   "2" : [ -3.9141168594360352, 2.2202901840209961 ],
   "3" : [ -1.499969482421875, 0.0095714516937732697 ],
   "4" : [ -0.75827348232269287, -1.2942260503768921 ],
   "5" : [ 0.74169570207595825, -1.3037973642349243 ],
   "6" : [ 1.499969482421875, -0.0095712253823876381 ],
   "7" : [ 0.75827360153198242, 1.2942260503768921 ],
   "8" : [ -0.7416958212852478, 1.3037972450256348 ],
   "9" : [ -0.25000002980232239, 0.4330126941204071 ],
   "a" : [ -0.5, 7.5497901264043321e-08 ],
   "b" : [ -0.24999995529651642, -0.43301272392272949 ],
   "c" : [ 0.24999995529651642, -0.43301272392272949 ],
   "d" : [ 0.5, 0 ],
   "e" : [ 0.24999998509883881, 0.43301272392272949 ]
}
