{
   "0" : [ -2.199927806854248, -3.9255976676940918 ],
   "1" : [ 4.499631404876709, 0.057605743408203125 ],
   "2" : [ -2.29970383644104, 3.8679919242858887 ],
   "3" : [ -1.300538182258606, 0.74739569425582886 ],
   "4" : [ -1.2975325584411621, -0.75260162353515625 ],
   "5" : [ 0.0030055642127990723, -1.4999969005584717 ],
   "6" : [ 1.3005383014678955, -0.74739551544189453 ],
   "7" : [ 1.2975325584411621, 0.7526015043258667 ],
   "8" : [ -0.0030057430267333984, 1.4999969005584717 ],
   "9" : [ -0.25000002980232239, 0.4330126941204071 ],
   "a" : [ -0.5, 7.5497901264043321e-08 ],
   "b" : [ -0.24999995529651642, -0.43301272392272949 ],
   "c" : [ 0.24999995529651642, -0.43301272392272949 ],
   "d" : [ 0.5, 0 ],
   "e" : [ 0.24999998509883881, 0.43301272392272949 ]
}
