{
   "0" : [ 0.041409846395254135, -4.499809741973877 ],
   "1" : [ 3.8762443065643311, 2.2857670783996582 ],
   "2" : [ -3.9176545143127441, 2.2140424251556396 ],
   "3" : [ -1.4999980926513672, 0.0023926219437271357 ],
   "4" : [ 0.74792706966400146, -1.3002326488494873 ],
   "5" : [ 0.7520708441734314, 1.2978403568267822 ],
   "6" : [ -0.74792724847793579, 1.3002325296401978 ],
   "7" : [ -0.75207072496414185, -1.2978403568267822 ],
   "8" : [ 1.4999980926513672, -0.0023923953995108604 ],
   "9" : [ 0.5, 0 ],
   "a" : [ -0.25000002980232239, 0.4330126941204071 ],
   "b" : [ -0.24999995529651642, -0.43301272392272949 ]
}
