{
   "0" : [ -0.51896584033966064, -4.4699749946594238 ],
   "1" : [ 4.1305947303771973, 1.7855501174926758 ],
   "2" : [ -3.6116290092468262, 2.6844246387481689 ],
   "3" : [ -1.0536459684371948, 1.0676282644271851 ],
   "4" : [ -1.491642951965332, -0.15811854600906372 ],
   "5" : [ -0.80640226602554321, -1.264798641204834 ],
   "6" : [ 0.48607560992240906, -1.4190596342086792 ],
   "7" : [ 1.4125288724899292, -0.50473976135253906 ],
   "8" : [ 1.2753187417984009, 0.78965950012207031 ],
   "9" : [ 0.17776766419410706, 1.4894289970397949 ],
   "a" : [ 3.7748950632021661e-08, 0.5 ],
   "b" : [ -0.5, 7.5497901264043321e-08 ],
   "c" : [ 5.9624403192515274e-09, -0.5 ],
   "d" : [ 0.5, 0 ]
}
