{
   "0" : [ 0.034230362623929977, -4.4998698234558105 ],
   "1" : [ 3.8798863887786865, 2.2795794010162354 ],
   "2" : [ -3.9141168594360352, 2.2202901840209961 ],
   "3" : [ -1.5, -2.2649372510841204e-07 ],
   "4" : [ 0.75000029802322388, -1.2990379333496094 ],
   "5" : [ 0.7499995231628418, 1.2990384101867676 ],
   "6" : [ -0.7500004768371582, 1.2990378141403198 ],
   "7" : [ -0.74999940395355225, -1.2990384101867676 ],
   "8" : [ 1.5, 4.5298742179511464e-07 ],
   "9" : [ 0.5, 0 ],
   "a" : [ -0.25000002980232239, 0.4330126941204071 ],
   "b" : [ -0.24999995529651642, -0.43301272392272949 ]
}
