{
   "0" : [ -0.49756956100463867, -4.4724068641662598 ],
   "1" : [ 4.1220030784606934, 1.8052958250045776 ],
   "2" : [ -3.6244335174560547, 2.6671109199523926 ],
   "3" : [ -1.0553480386734009, 1.0659457445144653 ],
   "4" : [ -1.4913887977600098, -0.16049826145172119 ],
   "5" : [ -0.80438321828842163, -1.2660835981369019 ],
   "6" : [ 0.4883391261100769, -1.4182822704315186 ],
   "7" : [ 1.4133323431015015, -0.50248545408248901 ],
   "8" : [ 1.2740572690963745, 0.79169321060180664 ],
   "9" : [ 0.17539101839065552, 1.4897106885910034 ],
   "a" : [ 3.7748950632021661e-08, 0.5 ],
   "b" : [ -0.5, 7.5497901264043321e-08 ],
   "c" : [ 5.9624403192515274e-09, -0.5 ],
   "d" : [ 0.5, 0 ]
}
