{
   "0" : [ 0, 1 ],
   "1" : [ -0.86599999666213989, -0.5 ],
   "2" : [ 0.86599999666213989, -0.5 ]
}
